announcement_id,sec_code,sec_name,announcement_title,reason,retries
1225052889,600819,耀皮玻璃,耀皮玻璃2025年年度报告-全文,"Download failed after 4 attempts: <urlopen error [Errno 8] nodename nor servname provided, or not known>",3
1225058238,600825,新华传媒,2025年年度报告,"Download failed after 4 attempts: <urlopen error [Errno 8] nodename nor servname provided, or not known>",3
1225048792,600828,茂业商业,茂业商业股份有限公司2025年年度报告,"Download failed after 4 attempts: <urlopen error [Errno 8] nodename nor servname provided, or not known>",3
1225000377,600830,香溢融通,香溢融通控股集团股份有限公司2025年年度报告,"Download failed after 4 attempts: <urlopen error [Errno 8] nodename nor servname provided, or not known>",3
1225058595,600834,申通地铁,申通地铁2025年年度报告,"Download failed after 4 attempts: <urlopen error [Errno 8] nodename nor servname provided, or not known>",3
1225021828,600835,上海机电,上海机电2025年年度报告,"Download failed after 4 attempts: <urlopen error [Errno 8] nodename nor servname provided, or not known>",3
1225047973,600841,动力新科,动力新科2025年年度报告,"Download failed after 4 attempts: <urlopen error [Errno 8] nodename nor servname provided, or not known>",3
1225059652,600857,宁波中百,宁波中百股份有限公司2025年年度报告,"Download failed after 4 attempts: <urlopen error [Errno 8] nodename nor servname provided, or not known>",3
1225046664,600858,银座股份,银座股份2025年年度报告,"Download failed after 4 attempts: <urlopen error [Errno 8] nodename nor servname provided, or not known>",3
1225047713,600860,京城股份,京城股份2025年年度报告全文,"Download failed after 4 attempts: <urlopen error [Errno 8] nodename nor servname provided, or not known>",3
1225050459,600871,石化油服,2025年年度报告全文（修订稿）,"Download failed after 4 attempts: <urlopen error [Errno 8] nodename nor servname provided, or not known>",3
1225031081,600874,创业环保,创业环保2025年年度报告全文,"Download failed after 4 attempts: <urlopen error [Errno 8] nodename nor servname provided, or not known>",3
1225062020,600876,凯盛新能,凯盛新能2025年年度报告,"Download failed after 4 attempts: <urlopen error [Errno 8] nodename nor servname provided, or not known>",3
1225040519,600879,航天电子,航天时代电子技术股份有限公司2025年年度报告,"Download failed after 4 attempts: <urlopen error [Errno 8] nodename nor servname provided, or not known>",3
1225029557,600882,妙可蓝多,2025年年度报告,"Download failed after 4 attempts: <urlopen error [Errno 8] nodename nor servname provided, or not known>",3
1225055079,600888,新疆众和,新疆众和股份有限公司2025年年度报告,"Download failed after 4 attempts: <urlopen error [Errno 8] nodename nor servname provided, or not known>",3
1225050838,600894,广日股份,广州广日股份有限公司2025年年度报告,"Download failed after 4 attempts: <urlopen error [Errno 8] nodename nor servname provided, or not known>",3
1225060598,600895,张江高科,2025年年度报告,"Download failed after 4 attempts: <urlopen error [Errno 8] nodename nor servname provided, or not known>",3
1225047846,600908,无锡银行,2025年年度报告,"Download failed after 4 attempts: <urlopen error [Errno 8] nodename nor servname provided, or not known>",3
1225062776,600918,中泰证券,中泰证券股份有限公司2025年年度报告,"Download failed after 4 attempts: <urlopen error [Errno 8] nodename nor servname provided, or not known>",3
1225036017,600938,中国海油,中国海洋石油有限公司2025年年度报告,"Download failed after 4 attempts: <urlopen error [Errno 8] nodename nor servname provided, or not known>",3
1225036280,600941,中国移动,中国移动：2025年年度报告,"Download failed after 4 attempts: <urlopen error [Errno 8] nodename nor servname provided, or not known>",3
1225032266,600956,新天绿能,新天绿能2025年年度报告,"Download failed after 4 attempts: <urlopen error [Errno 8] nodename nor servname provided, or not known>",3
1225042379,600958,东方证券,东方证券股份有限公司2025年年度报告,"Download failed after 4 attempts: <urlopen error [Errno 8] nodename nor servname provided, or not known>",3
1225047647,600962,国投中鲁,国投中鲁2025年年度报告,"Download failed after 4 attempts: <urlopen error [Errno 8] nodename nor servname provided, or not known>",3
1225003935,600963,岳阳林纸,岳阳林纸股份有限公司2025年年度报告,"Download failed after 4 attempts: <urlopen error [Errno 8] nodename nor servname provided, or not known>",3
1225027794,600968,海油发展,2025年年度报告,"Download failed after 4 attempts: <urlopen error [Errno 8] nodename nor servname provided, or not known>",3
1225031732,600970,中材国际,中国中材国际工程股份有限公司2025年年度报告,"Download failed after 4 attempts: <urlopen error [Errno 8] nodename nor servname provided, or not known>",3
1225047673,600971,恒源煤电,恒源煤电2025年年度报告,"Download failed after 4 attempts: <urlopen error [Errno 8] nodename nor servname provided, or not known>",3
1225023543,600976,健民集团,健民集团2025年年度报告,"Download failed after 4 attempts: <urlopen error [Errno 8] nodename nor servname provided, or not known>",3
1225055167,600980,北矿科技,北矿科技2025年年度报告,"Download failed after 4 attempts: <urlopen error [Errno 8] nodename nor servname provided, or not known>",3
1225047309,600985,淮北矿业,淮北矿业控股股份有限公司2025年年度报告,"Download failed after 4 attempts: <urlopen error [Errno 8] nodename nor servname provided, or not known>",3
1225064065,600986,浙文互联,浙文互联2025年年度报告,"Download failed after 4 attempts: <urlopen error [Errno 8] nodename nor servname provided, or not known>",3
1225021883,600988,赤峰黄金,赤峰黄金2025年年度报告,"Download failed after 4 attempts: <urlopen error [Errno 8] nodename nor servname provided, or not known>",3
1225060596,600995,南网储能,南方电网储能股份有限公司2025年年度报告,"Download failed after 4 attempts: <urlopen error [Errno 8] nodename nor servname provided, or not known>",3
1225053335,600997,开滦股份,开滦能源化工股份有限公司2025年年度报告,"Download failed after 4 attempts: <urlopen error [Errno 8] nodename nor servname provided, or not known>",3
1225047540,600999,招商证券,招商证券股份有限公司2025年年度报告,"Download failed after 4 attempts: <urlopen error [Errno 8] nodename nor servname provided, or not known>",3
1225040947,601000,唐山港,唐山港集团股份有限公司2025年年度报告,"Download failed after 4 attempts: <urlopen error [Errno 8] nodename nor servname provided, or not known>",3
1225018023,601002,晋亿实业,晋亿实业股份有限公司2025年年度报告,"Download failed after 4 attempts: <urlopen error [Errno 8] nodename nor servname provided, or not known>",3
1225053872,601005,重庆钢铁,2025年年度报告,"Download failed after 4 attempts: <urlopen error [Errno 8] nodename nor servname provided, or not known>",3
1225054079,601007,金陵饭店,金陵饭店股份有限公司2025年年度报告,"Download failed after 4 attempts: <urlopen error [Errno 8] nodename nor servname provided, or not known>",3
1225026037,601008,连云港,江苏连云港港口股份有限公司2025年年度报告,"Download failed after 4 attempts: <urlopen error [Errno 8] nodename nor servname provided, or not known>",3
1225063847,601022,宁波远洋,宁波远洋运输股份有限公司2025年年度报告,"Download failed after 4 attempts: <urlopen error [Errno 8] nodename nor servname provided, or not known>",3
1225047129,601033,永兴股份,永兴股份2025年年度报告,"Download failed after 4 attempts: <urlopen error [Errno 8] nodename nor servname provided, or not known>",3
1225034515,601038,一拖股份,一拖股份2025年年度报告,"Download failed after 4 attempts: <urlopen error [Errno 8] nodename nor servname provided, or not known>",3
1225058218,601059,信达证券,信达证券股份有限公司2025年年度报告,"Download failed after 4 attempts: <urlopen error [Errno 8] nodename nor servname provided, or not known>",3
1225031793,601061,中信金属,中信金属股份有限公司2025年年度报告,"Download failed after 4 attempts: <urlopen error [Errno 8] nodename nor servname provided, or not known>",3
1225038421,601066,中信建投,中信建投证券股份有限公司2025年年度报告,"Download failed after 4 attempts: <urlopen error [Errno 8] nodename nor servname provided, or not known>",3
1225048794,601068,中铝国际,中铝国际工程股份有限公司2025年年度报告,"Download failed after 4 attempts: <urlopen error [Errno 8] nodename nor servname provided, or not known>",3
1225032224,601077,渝农商行,重庆农村商业银行股份有限公司2025年年度报告,"Download failed after 4 attempts: <urlopen error [Errno 8] nodename nor servname provided, or not known>",3
1225052350,601112,振石股份,浙江振石新材料股份有限公司2025年年度报告,"Download failed after 4 attempts: <urlopen error [Errno 8] nodename nor servname provided, or not known>",3
1225028770,601117,中国化学,中国化学2025年年度报告,"Download failed after 4 attempts: <urlopen error [Errno 8] nodename nor servname provided, or not known>",3
1225025430,601126,四方股份,四方股份2025年年度报告,"Download failed after 4 attempts: <urlopen error [Errno 8] nodename nor servname provided, or not known>",3
1225053031,601127,赛力斯,2025年年度报告,"Download failed after 4 attempts: <urlopen error [Errno 8] nodename nor servname provided, or not known>",3
1225022492,601136,首创证券,2025年年度报告,"Download failed after 4 attempts: <urlopen error [Errno 8] nodename nor servname provided, or not known>",3
