sec_code,sec_name,announcement_title,announcement_time,announcement_id,local_path,source_url
001207,联科科技,2024年年度报告,2025-02-28 00:00:00,1222663605,reports_raw/companies/001_sz_main/001207_联科科技/2024/1222663605.pdf,https://static.cninfo.com.cn/finalpage/2025-02-28/1222663605.PDF
002138,顺络电子,2024年年度报告,2025-02-28 00:00:00,1222663234,reports_raw/companies/002_sz_main/002138_顺络电子/2024/1222663234.pdf,https://static.cninfo.com.cn/finalpage/2025-02-28/1222663234.pdf
002162,悦心健康,2024年年度报告,2025-02-28 00:00:00,1222661912,reports_raw/companies/002_sz_main/002162_悦心健康/2024/1222661912.pdf,https://static.cninfo.com.cn/finalpage/2025-02-28/1222661912.PDF
002271,东方雨虹,2024年年度报告,2025-02-28 00:00:00,1222663514,reports_raw/companies/002_sz_main/002271_东方雨虹/2024/1222663514.pdf,https://static.cninfo.com.cn/finalpage/2025-02-28/1222663514.PDF
002818,富森美,2024年年度报告,2025-02-28 00:00:00,1222662996,reports_raw/companies/002_sz_main/002818_富森美/2024/1222662996.pdf,https://static.cninfo.com.cn/finalpage/2025-02-28/1222662996.PDF
300842,帝科股份,2024年年度报告,2025-02-28 00:00:00,1222662510,reports_raw/companies/300_chinext/300842_帝科股份/2024/1222662510.pdf,https://static.cninfo.com.cn/finalpage/2025-02-28/1222662510.PDF
600299,安迪苏,安迪苏2024年年度报告,2025-02-28 00:00:00,1222663425,reports_raw/companies/600_sh_main/600299_安迪苏/2024/1222663425.pdf,https://static.cninfo.com.cn/finalpage/2025-02-28/1222663425.PDF
600359,新农开发,2024年年度报告,2025-02-28 00:00:00,1222663331,reports_raw/companies/600_sh_main/600359_新农开发/2024/1222663331.pdf,https://static.cninfo.com.cn/finalpage/2025-02-28/1222663331.PDF
600506,统一股份,统一低碳科技（新疆）股份有限公司2024年年度报告,2025-02-28 00:00:00,1222673452,reports_raw/companies/600_sh_main/600506_统一股份/2024/1222673452.pdf,https://static.cninfo.com.cn/finalpage/2025-02-28/1222673452.pdf
600816,建元信托,2024年年度报告,2025-02-28 00:00:00,1222663037,reports_raw/companies/600_sh_main/600816_建元信托/2024/1222663037.pdf,https://static.cninfo.com.cn/finalpage/2025-02-28/1222663037.PDF
603009,北特科技,北特科技2024年年度报告,2025-02-28 00:00:00,1222661481,reports_raw/companies/603_sh_main/603009_北特科技/2024/1222661481.pdf,https://static.cninfo.com.cn/finalpage/2025-02-28/1222661481.PDF
605077,华康股份,华康股份2024年年度报告,2025-02-28 00:00:00,1222662617,reports_raw/companies/605_sh_main/605077_华康股份/2024/1222662617.pdf,https://static.cninfo.com.cn/finalpage/2025-02-28/1222662617.PDF
688082,盛美上海,2024年年度报告,2025-02-27 00:00:00,1222651596,reports_raw/companies/688_star/688082_盛美上海/2024/1222651596.pdf,https://static.cninfo.com.cn/finalpage/2025-02-27/1222651596.PDF
688100,威胜信息,2024年年度报告,2025-02-28 00:00:00,1222663570,reports_raw/companies/688_star/688100_威胜信息/2024/1222663570.pdf,https://static.cninfo.com.cn/finalpage/2025-02-28/1222663570.PDF
688486,龙迅股份,龙迅股份2024年年度报告,2025-02-28 00:00:00,1222663156,reports_raw/companies/688_star/688486_龙迅股份/2024/1222663156.pdf,https://static.cninfo.com.cn/finalpage/2025-02-28/1222663156.PDF
